Elevation_ft_NAVD88,Elevation_ft_NGVD29,Area_acres,Capacity_acrefeet
3120.08,3117.17,0.01,0.04
3120.41,3117.49,0.01,0.04
3120.74,3117.82,0.01,0.05
3121.06,3118.15,0.01,0.05
3121.39,3118.48,0.01,0.06
3121.72,3118.81,0.01,0.06
3122.05,3119.13,0.01,0.06
3122.38,3119.46,0.01,0.07
3122.7,3119.79,0.01,0.07
3123.03,3120.12,0.02,0.08
3123.36,3120.45,0.02,0.08
3123.69,3120.77,0.02,0.09
3124.02,3121.1,0.02,0.09
3124.34,3121.43,0.02,0.1
3124.67,3121.76,0.02,0.1
3125,3122.09,0.02,0.11
3125.33,3122.42,0.02,0.12
3125.66,3122.74,0.02,0.12
3125.98,3123.07,0.02,0.13
3126.31,3123.4,0.02,0.13
3126.64,3123.73,0.02,0.14
3126.97,3124.06,0.02,0.15
3127.3,3124.38,0.02,0.16
3127.62,3124.71,0.02,0.16
3127.95,3125.04,0.02,0.17
3128.28,3125.37,0.02,0.18
3128.61,3125.7,0.03,0.19
3128.94,3126.02,0.03,0.2
3129.27,3126.35,0.03,0.21
3129.59,3126.68,0.03,0.21
3129.92,3127.01,0.03,0.22
3130.25,3127.34,0.03,0.23
3130.58,3127.66,0.03,0.24
3130.91,3127.99,0.03,0.25
3131.23,3128.32,0.03,0.26
3131.56,3128.65,0.03,0.27
3131.89,3128.98,0.03,0.28
3132.22,3129.3,0.03,0.29
3132.55,3129.63,0.03,0.3
3132.87,3129.96,0.03,0.31
3133.2,3130.29,0.03,0.32
3133.53,3130.62,0.03,0.33
3133.86,3130.95,0.03,0.34
3134.19,3131.27,0.03,0.36
3134.51,3131.6,0.04,0.37
3134.84,3131.93,0.04,0.38
3135.17,3132.26,0.04,0.39
3135.5,3132.59,55.42,2.85
3135.83,3132.91,55.5,21.05
3136.15,3133.24,55.59,39.28
3136.48,3133.57,55.67,57.52
3136.81,3133.9,55.78,75.8
3137.14,3134.23,55.97,94.13
3137.47,3134.55,56.19,112.53
3137.8,3134.88,56.46,131.01
3138.12,3135.21,56.79,149.58
3138.45,3135.54,57.12,168.26
3138.78,3135.87,57.43,187.06
3139.11,3136.19,57.72,205.95
3139.44,3136.52,58,224.94
3139.76,3136.85,58.29,244.01
3140.09,3137.18,58.6,263.18
3140.42,3137.51,58.88,282.46
3140.75,3137.84,59.13,301.81
3141.08,3138.16,59.35,321.26
3141.4,3138.49,59.57,340.76
3141.73,3138.82,59.78,360.34
3142.06,3139.15,59.99,379.99
3142.39,3139.48,60.2,399.7
3142.72,3139.8,60.41,419.5
3143.04,3140.13,60.65,439.35
3143.37,3140.46,60.84,459.28
3143.7,3140.79,61.01,479.27
3144.03,3141.12,61.17,499.31
3144.36,3141.44,61.33,519.41
3144.69,3141.77,61.49,539.56
3145.01,3142.1,61.65,559.75
3145.34,3142.43,61.8,580.01
3145.67,3142.76,61.94,600.3
3146,3143.08,62.08,620.66
3146.33,3143.41,62.22,641.04
3146.65,3143.74,62.37,661.48
3146.98,3144.07,62.52,681.97
3147.31,3144.4,62.66,702.5
3147.64,3144.72,62.8,723.09
3147.97,3145.05,62.94,743.71
3148.29,3145.38,63.08,764.38
3148.62,3145.71,63.22,785.11
3148.95,3146.04,63.36,805.87
3149.28,3146.37,63.51,826.69
3149.61,3146.69,63.65,847.54
3149.93,3147.02,63.77,868.44
3150.26,3147.35,63.9,889.39
3150.59,3147.68,64.03,910.37
3150.92,3148.01,64.15,931.4
3151.25,3148.33,64.28,952.47
3151.57,3148.66,64.42,973.57
3151.9,3148.99,64.54,994.73
3152.23,3149.32,64.66,1015.92
3152.56,3149.65,64.76,1037.16
3152.89,3149.97,64.88,1058.42
3153.22,3150.3,65,1079.72
3153.54,3150.63,65.11,1101.07
3153.87,3150.96,65.23,1122.45
3154.2,3151.29,65.34,1143.88
3154.53,3151.61,65.46,1165.33
3154.86,3151.94,65.57,1186.82
3155.18,3152.27,65.68,1208.35
3155.51,3152.6,65.79,1229.92
3155.84,3152.93,65.89,1251.53
3156.17,3153.26,66,1273.16
3156.5,3153.58,66.11,1294.82
3156.82,3153.91,66.21,1316.54
3157.15,3154.24,66.32,1338.27
3157.48,3154.57,68.36,1360.18
3157.81,3154.9,68.48,1382.63
3158.14,3155.22,68.6,1405.11
3158.46,3155.55,68.71,1427.64
3158.79,3155.88,68.82,1450.19
3159.12,3156.21,68.92,1472.8
3159.45,3156.54,69.02,1495.42
3159.78,3156.86,69.13,1518.08
3160.11,3157.19,69.23,1540.78
3160.43,3157.52,69.34,1563.51
3160.76,3157.85,69.45,1586.28
3161.09,3158.18,69.55,1609.08
3161.42,3158.5,69.65,1631.91
3161.75,3158.83,69.74,1654.78
3162.07,3159.16,69.83,1677.67
3162.4,3159.49,69.91,1700.61
3162.73,3159.82,70.02,1723.55
3163.06,3160.14,70.12,1746.54
3163.39,3160.47,70.23,1769.57
3163.71,3160.8,70.33,1792.62
3164.04,3161.13,70.42,1815.72
3164.37,3161.46,70.51,1838.83
3164.7,3161.79,70.6,1861.97
3165.03,3162.11,70.69,1885.16
3165.35,3162.44,70.78,1908.36
3165.68,3162.77,70.87,1931.6
3166.01,3163.1,70.96,1954.86
3166.34,3163.43,71.06,1978.16
3166.67,3163.75,71.15,2001.49
3166.99,3164.08,71.25,2024.85
3167.32,3164.41,71.35,2048.25
3167.65,3164.74,71.45,2071.67
3167.98,3165.07,71.55,2095.12
3168.31,3165.39,71.65,2118.62
3168.64,3165.72,71.78,2142.14
3168.96,3166.05,71.88,2165.72
3169.29,3166.38,71.98,2189.31
3169.62,3166.71,72.08,2212.94
3169.95,3167.03,72.18,2236.61
3170.28,3167.36,72.27,2260.3
3170.6,3167.69,72.39,2284.04
3170.93,3168.02,72.49,2307.8
3171.26,3168.35,72.59,2331.6
3171.59,3168.68,72.7,2355.44
3171.92,3169,72.8,2379.3
3172.24,3169.33,72.91,2403.21
3172.57,3169.66,73,2427.14
3172.9,3169.99,73.1,2451.1
3173.23,3170.32,73.2,2475.11
3173.56,3170.64,73.31,2499.14
3173.88,3170.97,73.41,2523.21
3174.21,3171.3,73.51,2547.31
3174.54,3171.63,73.61,2571.44
3174.87,3171.96,73.71,2595.61
3175.2,3172.28,73.81,2619.81
3175.53,3172.61,73.92,2644.05
3175.85,3172.94,74.02,2668.31
3176.18,3173.27,74.13,2692.61
3176.51,3173.6,74.25,2716.96
3176.84,3173.92,74.35,2741.33
3177.17,3174.25,74.45,2765.75
3177.49,3174.58,74.56,2790.19
3177.82,3174.91,74.66,2814.66
3178.15,3175.24,74.76,2839.18
3178.48,3175.56,74.87,2863.72
3178.81,3175.89,74.98,2888.31
3179.13,3176.22,75.09,2912.92
3179.46,3176.55,75.21,2937.58
3179.79,3176.88,75.32,2962.28
3180.12,3177.21,75.43,2987
3180.45,3177.53,75.54,3011.77
3180.77,3177.86,75.65,3036.57
3181.1,3178.19,75.76,3061.4
3181.43,3178.52,75.88,3086.29
3181.76,3178.85,75.99,3111.19
3182.09,3179.17,76.11,3136.15
3182.41,3179.5,76.21,3161.13
3182.74,3179.83,76.31,3186.15
3183.07,3180.16,76.43,3211.21
3183.4,3180.49,76.55,3236.3
3183.73,3180.81,76.66,3261.44
3184.06,3181.14,76.78,3286.61
3184.38,3181.47,76.9,3311.81
3184.71,3181.8,77.02,3337.07
3185.04,3182.13,77.14,3362.35
3185.37,3182.45,77.27,3387.69
3185.7,3182.78,77.39,3413.06
3186.02,3183.11,77.51,3438.46
3186.35,3183.44,77.62,3463.92
3186.68,3183.77,77.74,3489.4
3187.01,3184.09,77.87,3514.93
3187.34,3184.42,78,3540.5
3187.66,3184.75,78.14,3566.1
3187.99,3185.08,78.28,3591.77
3188.32,3185.41,78.43,3617.47
3188.65,3185.74,78.57,3643.23
3188.98,3186.06,78.74,3669.03
3189.3,3186.39,78.91,3694.89
3189.63,3186.72,79.11,3720.82
3189.96,3187.05,79.34,3746.81
3190.29,3187.38,79.61,3772.89
3190.62,3187.7,80,3799.06
3190.94,3188.03,80.56,3825.38
3191.27,3188.36,81.24,3851.93
3191.6,3188.69,81.86,3878.68
3191.93,3189.02,82.42,3905.64
3192.26,3189.34,82.98,3932.76
3192.59,3189.67,83.93,3960.11
3192.91,3190,90.75,3988.44
3193.24,3190.33,108.01,4020.78
3193.57,3190.66,146.76,4061.69
3193.9,3190.98,207.4,4119.15
3194.23,3191.31,278.82,4198.82
3194.55,3191.64,358.65,4303
3194.88,3191.97,468.43,4438.29
3195.21,3192.3,571.86,4609.34
3195.54,3192.63,668.3,4812.95
3195.87,3192.95,750.96,5046.11
3196.19,3193.28,845.52,5307.33
3196.52,3193.61,938.53,5600.78
3196.85,3193.94,1008.16,5920.67
3197.18,3194.27,1075.35,6262.15
3197.51,3194.59,1145.15,6626.31
3197.83,3194.92,1208.01,7012.65
3198.16,3195.25,1265.39,7418.6
3198.49,3195.58,1318.44,7842.7
3198.82,3195.91,1375.49,8284.47
3199.15,3196.23,1430.39,8744.7
3199.48,3196.56,1479.42,9222.43
3199.8,3196.89,1524.75,9715.09
3200.13,3197.22,1574.85,10223.53
3200.46,3197.55,1625.33,10748.7
3200.79,3197.87,1671.21,11289.35
3201.12,3198.2,1716.27,11845.17
3201.44,3198.53,1767.88,12416.28
3201.77,3198.86,1827.29,13006.31
3202.1,3199.19,1885.27,13615.19
3202.43,3199.51,1942.26,14242.99
3202.76,3199.84,1991.88,14888.87
3203.08,3200.17,2036.92,15549.5
3203.41,3200.5,2080.76,16225.23
3203.74,3200.83,2121.74,16914.62
3204.07,3201.16,2161.92,17616.93
3204.4,3201.48,2214.21,18334.83
3204.72,3201.81,2271.53,19070.48
3205.05,3202.14,2319.11,19824.02
3205.38,3202.47,2366.25,20592.45
3205.71,3202.8,2407.7,21375.41
3206.04,3203.12,2451.94,22172.9
3206.36,3203.45,2499.59,22984.73
3206.69,3203.78,2549.91,23813.58
3207.02,3204.11,2599.06,24657.82
3207.35,3204.44,2646.31,25518.18
3207.68,3204.76,2696.52,26394.61
3208.01,3205.09,2749.7,27288.15
3208.33,3205.42,2791.98,28197.71
3208.66,3205.75,2829.16,29119.61
3208.99,3206.08,2864.91,30053.43
3209.32,3206.4,2903.76,30999.99
3209.65,3206.73,2940.19,31958.54
3209.97,3207.06,2971.27,32928.86
3210.3,3207.39,2997.39,33907.84
3210.63,3207.72,3023.46,34895.22
3210.96,3208.05,3049.25,35891.85
3211.29,3208.37,3072.49,36895.89
3211.61,3208.7,3096.12,37908.12
3211.94,3209.03,3121.8,38927.81
3212.27,3209.36,3147.72,39956.05
3212.6,3209.69,3173.21,40993.34
3212.93,3210.01,3199.35,42038.44
3213.25,3210.34,3226.12,43092.89
3213.58,3210.67,3257.97,44156.24
3213.91,3211,3290.75,45230.36
3214.24,3211.33,3320.67,46315.39
3214.57,3211.65,3349.79,47409.39
3214.9,3211.98,3382.3,48514.09
3215.22,3212.31,3417.67,49629.26
3215.55,3212.64,3454.43,50756.21
3215.88,3212.97,3489.76,51896.02
3216.21,3213.29,3517,53045.32
3216.54,3213.62,3539.2,54203.31
3216.86,3213.95,3559.97,55367.66
3217.19,3214.28,3580.34,56538.74
3217.52,3214.61,3599.68,57716.95
3217.85,3214.93,3618.9,58900.84
3218.18,3215.26,3637.72,60091.69
3218.5,3215.59,3654.9,61287.71
3218.83,3215.92,3671.97,62489.34
3219.16,3216.25,3689.36,63697.39
3219.49,3216.58,3706.26,64910.26
3219.82,3216.9,3725.04,66129.67
3220.14,3217.23,3744.44,67354.72
3220.47,3217.56,3762.72,68585.93
3220.8,3217.89,3782.05,69823.99
3221.13,3218.22,3803.88,71068.05
3221.46,3218.54,3825.37,72320.06
3221.78,3218.87,3846.67,73578.3
3222.11,3219.2,3866.66,74843.31
3222.44,3219.53,3885.62,76115.53
3222.77,3219.86,3902.98,77392.93
3223.1,3220.18,3919.11,78676.6
3223.43,3220.51,3933.69,79964.53
3223.75,3220.84,3947.34,81257.05
3224.08,3221.17,3960.94,82554.82
3224.41,3221.5,3974.91,83856.31
3224.74,3221.82,3989.43,85163.27
3225.07,3222.15,4005.49,86474.33
3225.39,3222.48,4023.69,87791.15
3225.72,3222.81,4053.41,89116.01
3226.05,3223.14,4099.58,90452.9
3226.38,3223.47,4141.18,91805.33
3226.71,3223.79,4187.77,93170.98
3227.03,3224.12,4259.08,94555.52
3227.36,3224.45,4350.45,95967.72
3227.69,3224.78,4458.22,97412.51
3228.02,3225.11,4564.5,98892.92
3228.35,3225.43,4662.16,100406.41
3228.67,3225.76,4753.68,101950.62
3229,3226.09,4837.27,103525.06
3229.33,3226.42,4897.84,105122.33
3229.66,3226.75,4940.11,106737.4
3229.99,3227.07,4974.05,108363.15
3230.32,3227.4,5009.87,110000.75
3230.64,3227.73,5038.68,111649.87
3230.97,3228.06,5064.4,113306.84
3231.3,3228.39,5090.84,114973.37
3231.63,3228.71,5117.86,116647.55
3231.96,3229.04,5140.47,118330.08
3232.28,3229.37,5162.51,120020.79
3232.61,3229.7,5182.61,121717.47
3232.94,3230.03,5200.03,123421.36
3233.27,3230.35,5217.96,125129.84
3233.6,3230.68,5243.06,126845.34
3233.92,3231.01,5268.28,128570.39
3234.25,3231.34,5293.07,130302.38
3234.58,3231.67,5320.37,132044.01
3234.91,3232,5356.04,133794.75
3235.24,3232.32,5390.1,135557.32
3235.56,3232.65,5420.02,137331.25
3235.89,3232.98,5455.77,139114.65
3236.22,3233.31,5490.71,140911.18
3236.55,3233.64,5528.65,142718.06
3236.88,3233.96,5579.09,144539.71
3237.2,3234.29,5618.91,146377.73
3237.53,3234.62,5647.73,148225.65
3237.86,3234.95,5676.17,150083.97
3238.19,3235.28,5703.44,151950.21
3238.52,3235.6,5741.09,153826.7
3238.85,3235.93,5785.68,155718.44
3239.17,3236.26,5829.53,157623.42
3239.5,3236.59,5866.62,159542.95
3239.83,3236.92,5901.01,161472.96
3240.16,3237.24,5928.86,163413.3
3240.49,3237.57,5952.49,165363.01
3240.81,3237.9,5982.45,167320.18
3241.14,3238.23,6016.82,169289.36
3241.47,3238.56,6047.62,171267.93
3241.8,3238.89,6077.08,173256.56
3242.13,3239.21,6099.66,175254.92
3242.45,3239.54,6118.25,177258.71
3242.78,3239.87,6138.68,179269.96
3243.11,3240.2,6163.59,181287.61
3243.44,3240.53,6183.37,183312.55
3243.77,3240.85,6205.07,185345.42
3244.09,3241.18,6230.04,187384.78
3244.42,3241.51,6258.2,189433.74
3244.75,3241.84,6288.43,191491.6
3245.08,3242.17,6318.01,193559.13
3245.41,3242.49,6348.85,195637.8
3245.74,3242.82,6381.23,197725.47
3246.06,3243.15,6417.23,199825.64
3246.39,3243.48,6452.84,201936.44
3246.72,3243.81,6480.76,204057.56
3247.05,3244.13,6510.36,206189.44
3247.38,3244.46,6537.61,208329.4
3247.7,3244.79,6565.91,210479.7
3248.03,3245.12,6599.8,212638.66
3248.36,3245.45,6638.35,214809.94
3248.69,3245.77,6670.85,216994.12
3249.02,3246.1,6702.11,219187.28
3249.34,3246.43,6730.77,221391.85
3249.67,3246.76,6755.51,223603.69
3250,3247.09,6778.66,225823.37
3250.33,3247.42,6804,228052.28
3250.66,3247.74,6829.41,230288.22
3250.98,3248.07,6856.32,232533.94
3251.31,3248.4,6888.18,234787.87
3251.64,3248.73,6916.53,237052.08
3251.97,3249.06,6941.63,239326.24
3252.3,3249.38,6963.96,241606.94
3252.62,3249.71,6982.89,243895.65
3252.95,3250.04,7000.67,246189.03
3253.28,3250.37,7017.93,248488.14
3253.61,3250.7,7034.79,250794.22
3253.94,3251.02,7052.45,253104.55
3254.27,3251.35,7069.98,255422.08
3254.59,3251.68,7087.4,257743.99
3254.92,3252.01,7103.36,260071.33
3255.25,3252.34,7118.71,262405.24
3255.58,3252.66,7133.4,264742.64
3255.91,3252.99,7147.33,267086.16
3256.23,3253.32,7160.94,269432.77
3256.56,3253.65,7175.23,271783.89
3256.89,3253.98,7189.35,274141.19
3257.22,3254.3,7202.49,276501.5
3257.55,3254.63,7215.15,278867.48
3257.87,3254.96,7227.75,281236.14
3258.2,3255.29,7240.31,283608.94
3258.53,3255.62,7254.67,285987.52
3258.86,3255.95,7271.99,288369.83
3259.19,3256.27,7292.52,290759.78
3259.51,3256.6,7317.3,293155.77
3259.84,3256.93,7341.89,295559.92
3260.17,3257.26,7369.12,297973.9
3260.5,3257.59,7400.6,300396.05
3260.83,3257.91,7436.35,302830.76
3261.15,3258.24,7470.77,305275.75
3261.48,3258.57,7499.58,307730.97
3261.81,3258.9,7526.08,310196.81
3262.14,3259.23,7548.63,312669.2
3262.47,3259.55,7568.25,315149.99
3262.8,3259.88,7586.14,317635.38
3263.12,3260.21,7602.87,320126.41
3263.45,3260.54,7619.21,322624.41
3263.78,3260.87,7635.12,325126.18
3264.11,3261.19,7649.96,327634.52
3264.44,3261.52,7664.62,330146.13
3264.76,3261.85,7679.19,332662.58
3265.09,3262.18,7693.38,335185.25
3265.42,3262.51,7709.78,337711.29
3265.75,3262.84,7730.45,340245.02
3266.08,3263.16,7750.11,342783.85
3266.4,3263.49,7769.83,345329.14
3266.73,3263.82,7789.97,347882.52
3267.06,3264.15,7816.91,350441.75
3267.39,3264.48,7849.21,353012.67
3267.72,3264.8,7882.63,355592.69
3268.04,3265.13,7913.32,358183.4
3268.37,3265.46,7942.29,360785.42
3268.7,3265.79,7971.15,363395.25
3269.03,3266.12,8002.15,366016.45
3269.36,3266.44,8029.8,368645.9
3269.69,3266.77,8052.1,371283.48
3270.01,3267.1,8072.11,373929.57
3270.34,3267.43,8090.17,376580.25
3270.67,3267.76,8106.89,379238.28
3271,3268.08,8123.06,381900.03
3271.33,3268.41,8141.14,384567.23
3271.65,3268.74,8162.62,387242.77
3271.98,3269.07,8183.73,389923.54
3272.31,3269.4,8209.28,392613.56
3272.64,3269.72,8231.87,395309.92
3272.97,3270.05,8257.47,398014.05
3273.29,3270.38,8287.82,400729.08
3273.62,3270.71,8320.43,403452.94
3273.95,3271.04,8344.69,406188.02
3274.28,3271.37,8365.44,408928.5
3274.61,3271.69,8384.63,411675.62
3274.93,3272.02,8403.66,414430.56
3275.26,3272.35,8424.4,417190.43
3275.59,3272.68,8444.31,419958.66
3275.92,3273.01,8463.91,422731.68
3276.25,3273.33,8489.87,425511.98
3276.57,3273.66,8520.59,428303.52
3276.9,3273.99,8551.84,431103.46
3277.23,3274.32,8578.38,433914.63
3277.56,3274.65,8604.18,436732.75
3277.89,3274.97,8624.41,439558.39
3278.22,3275.3,8647.48,442392.5
3278.54,3275.63,8676.12,445233.7
3278.87,3275.96,8703.87,448085.71
3279.2,3276.29,8735.72,450945.71
3279.53,3276.61,8764.16,453815.83
3279.86,3276.94,8787.33,456696.24
3280.18,3277.27,8812.28,459582.55
3280.51,3277.6,8838.42,462479.19
3280.84,3277.93,8861.92,465382.06
3281.17,3278.26,8888.56,468293.1
3281.5,3278.58,8919.48,471215.35
3281.82,3278.91,8956.09,474146.57
3282.15,3279.24,9027.1,477096.5
3282.48,3279.57,9111.78,480071.04
3282.81,3279.9,9207.54,483075.51
3283.14,3280.22,9310.96,486113.97
3283.46,3280.55,9435.24,489188.04
3283.79,3280.88,9555.01,492304.64
3284.12,3281.21,9658.53,495455.93
3284.45,3281.54,9767.79,498641.98
3284.78,3281.86,9855.02,501862.62
3285.11,3282.19,9942.38,505109.67
3285.43,3282.52,10010.6,508384.23
3285.76,3282.85,10068.69,511677.62
3286.09,3283.18,10114.98,514988.05
3286.42,3283.5,10155.1,518314.54
3286.75,3283.83,10191.28,521651.42
3287.07,3284.16,10223.42,525001.63
3287.4,3284.49,10254.49,528360.06
3287.73,3284.82,10283.98,531728.46
3288.06,3285.14,10311.15,535108.25
3288.39,3285.47,10336.64,538494.59
3288.71,3285.8,10361.08,541891.17
3289.04,3286.13,10385.04,545293.59
3289.37,3286.46,10408.52,548703.79
3289.7,3286.79,10430.9,552123.64
3290.03,3287.11,10452.63,555548.58
3290.35,3287.44,10473.6,558982.65
3290.68,3287.77,10493.8,562421.37
3291.01,3288.1,10514.02,565866.71
3291.34,3288.43,10534.36,569320.76
3291.67,3288.75,10554.11,572779.35
3291.99,3289.08,10573.41,576246.42
3292.32,3289.41,10593.49,579717.85
3292.65,3289.74,10613.06,583195.76
3292.98,3290.07,10632.57,586682.22
3293.31,3290.39,10651.96,590172.95
3293.64,3290.72,10670.67,593672.04
3293.96,3291.05,10691.6,597175.43
3294.29,3291.38,10713.75,600685.96
3294.62,3291.71,10734.32,604205.69
3294.95,3292.03,10754.51,607729.89
3295.28,3292.36,10776.24,611263.13
3295.6,3292.69,10799.33,614801.53
3295.93,3293.02,10822.14,618347.51
3296.26,3293.35,10845.81,621903.21
3296.59,3293.68,10873.57,625465.17
3296.92,3294,10903.06,629038.84
3297.24,3294.33,10931.76,632619.74
3297.57,3294.66,10962.18,636210.27
3297.9,3294.99,10993.1,639813.23
3298.23,3295.32,11023.56,643423.95
3298.56,3295.64,11054.4,647046.94
3298.88,3295.97,11086.82,650678.15
3299.21,3296.3,11121.8,654320.37
3299.54,3296.63,11155.81,657976.28
3299.87,3296.96,11187.87,661640.73
3300.2,3297.28,11219.33,665317.81
3300.53,3297.61,11254.31,669003.39
3300.85,3297.94,11289.38,672700.63
3301.18,3298.27,11321.76,676411.24
3301.51,3298.6,11354.09,680130.16
3301.84,3298.92,11387.23,683862.03
3302.17,3299.25,11417.85,687602.23
3302.49,3299.58,11446.57,691352.09
3302.82,3299.91,11475.21,695113.64
3303.15,3300.24,11501.93,698882
3303.48,3300.56,11527.64,702661.23
3303.81,3300.89,11553.12,706446.55
3304.13,3301.22,11578.4,710240.16
3304.46,3301.55,11603.05,714044.33
3304.79,3301.88,11627.2,717854.15
3305.12,3302.21,11651.76,721674.3
3305.45,3302.53,11675.26,725499.99
3305.77,3302.86,11699.64,729333.51
3306.1,3303.19,11724.37,733177.42
3306.43,3303.52,11750.19,737027.29
3306.76,3303.85,11775.9,740888.02
3307.09,3304.17,11800.5,744754.63
3307.41,3304.5,11824.85,748629.23
3307.74,3304.83,11849.23,752514.22
3308.07,3305.16,11873.33,756404.76
3308.4,3305.49,11898.04,760305.71
3308.73,3305.81,11923.4,764212.44
3309.06,3306.14,11948.66,768127.54
3309.38,3306.47,11973.29,772053.2
3309.71,3306.8,11997.89,775984.52
3310.04,3307.13,12024.61,779926.58
3310.37,3307.45,12050.63,783875.07
3310.7,3307.78,12076.13,787831.86
3311.02,3308.11,12102.93,791799.63
3311.35,3308.44,12131.79,795774.16
3311.68,3308.77,12164.05,799760.96
3312.01,3309.09,12199.65,803756.76
3312.34,3309.42,12231.55,807763.55
3312.66,3309.75,12260.97,811782.93
3312.99,3310.08,12289.85,815809.28
3313.32,3310.41,12319.59,819847.72
3313.65,3310.74,12351.54,823893.79
3313.98,3311.06,12386.34,827950.8
3314.3,3311.39,12419.35,832021.61
3314.63,3311.72,12448.42,836100.04
3314.96,3312.05,12475.84,840190.27
3315.29,3312.38,12501.87,844286.7
3315.62,3312.7,12525.87,848391.35
3315.94,3313.03,12549.8,852506.33
3316.27,3313.36,12573.33,856626.56
3316.6,3313.69,12596.94,860757.11
3316.93,3314.02,12620.07,864892.75
3317.26,3314.34,12642.96,869035.94
3317.59,3314.67,12665.99,873189.2
3317.91,3315,12689.23,877347.5
3318.24,3315.33,12713.03,881516.06
3318.57,3315.66,12737.87,885690.02
3318.9,3315.98,12763.85,889872.34
3319.23,3316.31,12791.21,894065.94
3319.55,3316.64,12820.39,898266.2
3319.88,3316.97,12850.27,902478.87
3320.21,3317.3,12879.28,906698.59
3320.54,3317.63,12908.46,910927.82
3320.87,3317.95,12939.1,915169.45
3321.19,3318.28,12969.72,919418.63
3321.52,3318.61,12999.25,923680.2
3321.85,3318.94,13028.12,927948.8
3322.18,3319.27,13055.78,932226.64
3322.51,3319.59,13084.85,936516.26
3322.83,3319.92,13119.03,940813.58
3323.16,3320.25,13164.49,945126.65
3323.49,3320.58,13206.52,949451.77
3323.82,3320.91,13244.23,953789.8
3324.15,3321.23,13279.35,958142.34
3324.48,3321.56,13319.48,962504.43
3324.8,3321.89,13365.21,966883.35
3325.13,3322.22,13408.52,971274.38
3325.46,3322.55,13448.77,975679.12
3325.79,3322.87,13490.68,980099.96
3326.12,3323.2,13533.04,984531.87
3326.44,3323.53,13573.26,988980.26
3326.77,3323.86,13608.65,993438.26
3327.1,3324.19,13643.5,997907.66
3327.43,3324.51,13679.98,1002391.46
3327.76,3324.84,13727.8,1006885.99
3328.08,3325.17,13783.83,1011401
3328.41,3325.5,13822.3,1015928.68
3328.74,3325.83,13855.89,1020468.12
3329.07,3326.16,13887.33,1025020.85
3329.4,3326.48,13918.96,1029581.14
3329.72,3326.81,13951.99,1034154.75
3330.05,3327.14,13988.96,1038737.17
3330.38,3327.47,14020.68,1043330.98
3330.71,3327.8,14050.22,1047937.5
3331.04,3328.12,14080.77,1052551.04
3331.36,3328.45,14112.28,1057177.6
3331.69,3328.78,14141.84,1061811.42
3332.02,3329.11,14170.35,1066454.69
3332.35,3329.44,14198.47,1071110.12
3332.68,3329.76,14225.78,1075771.78
3333.01,3330.09,14254.59,1080445.63
3333.33,3330.42,14280.82,1085125.51
3333.66,3330.75,14307.14,1089814
3333.99,3331.08,14334.35,1094514.11
3334.32,3331.4,14361.36,1099220.3
3334.65,3331.73,14387.7,1103938.11
3334.97,3332.06,14413.61,1108661.58
3335.3,3332.39,14439.4,1113393.55
3335.63,3332.72,14464.72,1118136.84
3335.96,3333.05,14489.85,1122885.46
3336.29,3333.37,14515.19,1127645.24
3336.61,3333.7,14540.31,1132410.44
3336.94,3334.03,14566.15,1137183.87
3337.27,3334.36,14598.56,1141969.6
3337.6,3334.69,14637.65,1146764.37
3337.93,3335.01,14678.43,1151575.02
3338.25,3335.34,14714.65,1156395.96
3338.58,3335.67,14744.24,1161227.36
3338.91,3336,14773,1166071.23
3339.24,3336.33,14803.95,1170921.77
3339.57,3336.65,14836.67,1175785.88
3339.9,3336.98,14868.56,1180657.72
3340.22,3337.31,14897.45,1185539.46
3340.55,3337.64,14927.23,1190433.75
3340.88,3337.97,14955.25,1195334.61
3341.21,3338.29,14982.59,1200247.49
3341.54,3338.62,15010.41,1205166.4
3341.86,3338.95,15038.34,1210094.48
3342.19,3339.28,15066.26,1215034.73
3342.52,3339.61,15093.12,1219980.99
3342.85,3339.93,15119.35,1224938.93
3343.18,3340.26,15146.25,1229902.49
3343.5,3340.59,15172.72,1234874.87
3343.83,3340.92,15199.46,1239859.02
3344.16,3341.25,15225.49,1244848.79
3344.49,3341.58,15251.57,1249850.14
3344.82,3341.9,15278.61,1254857.13
3345.14,3342.23,15305.87,1259873.08
3345.47,3342.56,15332.99,1264900.99
3345.8,3342.89,15360.65,1269934.78
3346.13,3343.22,15396.01,1274981.65
3346.46,3343.54,15464.63,1280041.89
3346.78,3343.87,15524.8,1285125.05
3347.11,3344.2,15575.72,1290228.52
3347.44,3344.53,15623.61,1295345.42
3347.77,3344.86,15670.72,1300480.94
3348.1,3345.18,15714.37,1305628.2
3348.43,3345.51,15756.72,1310789.61
3348.75,3345.84,15797.83,1315967.79
3349.08,3346.17,15838.25,1321156.25
3349.41,3346.5,15875.12,1326360.61
3349.74,3346.82,15908.13,1331573.22
3350.07,3347.15,15939.83,1336796.42
3350.39,3347.48,15969.83,1342032.88
3350.72,3347.81,15998.68,1347275.83
3351.05,3348.14,16027.72,1352531.43
3351.38,3348.47,16056,1357793.25
3351.71,3348.79,16084.5,1363064.35
3352.03,3349.12,16113.28,1368348.08
3352.36,3349.45,16142.18,1373638.05
3352.69,3349.78,16172.1,1378940.84
3353.02,3350.11,16203.64,1384250.48
3353.35,3350.43,16235.99,1389570.68
3353.67,3350.76,16268.19,1394904.68
3354,3351.09,16300.19,1400245.99
3354.33,3351.42,16334.18,1405601.32
3354.66,3351.75,16370.65,1410964.9
3354.99,3352.07,16412.51,1416341.28
3355.32,3352.4,16454.72,1421734.91
3355.64,3352.73,16494.09,1427138.77
3355.97,3353.06,16533.21,1432558.59
3356.3,3353.39,16574.36,1437988.16
3356.63,3353.71,16617.07,1443431.73
3356.96,3354.04,16655.28,1448891.86
3357.28,3354.37,16697.3,1454361.43
3357.61,3354.7,16751.1,1459850.3
3357.94,3355.03,16812.83,1465355.04
3358.27,3355.35,16864.49,1470878.31
3358.6,3355.68,16910.56,1476421.07
3358.92,3356.01,16949.78,1481974.46
3359.25,3356.34,16985.19,1487543.32
3359.58,3356.67,17023.69,1493120.64
3359.91,3357,17063.34,1498710.98
3360.24,3357.32,17105.75,1504314.68
3360.56,3357.65,17147.56,1509939.33
3360.89,3357.98,17188.73,1515570.55
3361.22,3358.31,17233.11,1521215.63
3361.55,3358.64,17273.66,1526875.09
3361.88,3358.96,17310.88,1532547.05
3362.2,3359.29,17347.27,1538238.04
3362.53,3359.62,17383.43,1543933.98
3362.86,3359.95,17418.49,1549641.6
3363.19,3360.28,17453.8,1555360.73
3363.52,3360.6,17490.08,1561091.62
3363.85,3360.93,17526.23,1566841.42
3364.17,3361.26,17561.64,1572595.96
3364.5,3361.59,17596.19,1578361.9
3364.83,3361.92,17632.44,1584139.46
3365.16,3362.24,17667.71,1589928.77
3365.49,3362.57,17703.23,1595736.77
3365.81,3362.9,17739.53,1601549.39
3366.14,3363.23,17777.28,1607374.19
3366.47,3363.56,17817.07,1613211.74
3366.8,3363.89,17856.84,1619062.37
3367.13,3364.21,17895.21,1624933.01
3367.45,3364.54,17933.11,1630808.94
3367.78,3364.87,17974.19,1636697.68
3368.11,3365.2,18016.49,1642600.26
3368.44,3365.53,18066.39,1648517.66
3368.77,3365.85,18121.52,1654459.99
3369.09,3366.18,18180.1,1660413.36
3369.42,3366.51,18246.07,1666386.98
3369.75,3366.84,18321.99,1672384.02
3370.08,3367.17,18400.76,1678406.81
3370.41,3367.49,18471.53,1684461.5
3370.74,3367.82,18542.03,1690531.73
3371.06,3368.15,18609.01,1696624.84
3371.39,3368.48,18668.03,1702738.48
3371.72,3368.81,18724.06,1708871.08
3372.05,3369.13,18778.53,1715029.06
3372.38,3369.46,18834.95,1721197.81
3372.7,3369.79,18884.72,1727384.17
3373.03,3370.12,18932.06,1733586.22
3373.36,3370.45,18981,1739803.99
3373.69,3370.77,19028.82,1746045.37
3374.02,3371.1,19075.04,1752294.55
3374.34,3371.43,19120.81,1758558.79
3374.67,3371.76,19165.31,1764837.87
3375,3372.09,19209.73,1771131.44
3375.33,3372.42,19254.92,1777447.48
3375.66,3372.74,19296.7,1783770.13
3375.98,3373.07,19336.96,1790106.17
3376.31,3373.4,19377.66,1796455.46
3376.64,3373.73,19418.63,1802818.17
3376.97,3374.06,19458.7,1809201.93
3377.3,3374.38,19498.89,1815591.05
3377.62,3374.71,19542.95,1821993.86
3377.95,3375.04,19592.5,1828411.94
3378.28,3375.37,19645.51,1834847
3378.61,3375.7,19706.47,1841308.51
3378.94,3376.02,19770.83,1847782.7
3379.27,3376.35,19844.8,1854279.94
3379.59,3376.68,19910.17,1860800.08
3379.92,3377.01,19970.25,1867340.71
3380.25,3377.34,20023.69,1873908
3380.58,3377.66,20076.52,1880484.46
3380.91,3377.99,20130.77,1887078.6
3381.23,3378.32,20184.12,1893690.45
3381.56,3378.65,20234.5,1900319.23
3381.89,3378.98,20285.3,1906972.77
3382.22,3379.3,20337.5,1913634.94
3382.55,3379.63,20387.55,1920313.94
3382.87,3379.96,20436.82,1927009.23
3383.2,3380.29,20487.32,1933720.81
3383.53,3380.62,20541.11,1940457.66
3383.86,3380.95,20595.9,1947204.22
3384.19,3381.27,20653.24,1953968.97
3384.51,3381.6,20709.48,1960752.92
3384.84,3381.93,20763.14,1967554.39
3385.17,3382.26,20815.4,1974381.89
3385.5,3382.59,20867.14,1981217.87
3385.83,3382.91,20918.67,1988070.9
3386.15,3383.24,20968.59,1994940.56
3386.48,3383.57,21015.88,2001826.14
3386.81,3383.9,21062.51,2008735.57
3387.14,3384.23,21107.6,2015651.6
3387.47,3384.55,21151.4,2022582.23
3387.8,3384.88,21195.26,2029527.19
3388.12,3385.21,21239.89,2036486.58
3388.45,3385.54,21292.74,2043470.02
3388.78,3385.87,21360.27,2050465.17
3389.11,3386.19,21421.84,2057481.48
3389.44,3386.52,21486.17,2064518.48
3389.76,3386.85,21554.04,2071577.02
3390.09,3387.18,21626.27,2078667.31
3390.42,3387.51,21700.16,2085772.97
3390.75,3387.84,21780.61,2092903.76
3391.08,3388.16,21865.8,2100061.66
3391.4,3388.49,21961.11,2107249.37
3391.73,3388.82,22052.37,2114476.83
3392.06,3389.15,22134.23,2121723.85
3392.39,3389.48,22207.66,2128996.08
3392.72,3389.8,22286.82,2136293.01
3393.04,3390.13,22368.99,2143616.78
3393.37,3390.46,22454.1,2150976.69
3393.7,3390.79,22539.13,2158355.91
3394.03,3391.12,22618.49,2165761.87
3394.36,3391.44,22701.14,2173194.26
3394.69,3391.77,22785.05,2180654.14
3395.01,3392.1,22872.2,2188150.94
3395.34,3392.43,22970.32,2195669.09
3395.67,3392.76,23071.12,2203219.99
3396,3393.08,23178.01,2210804.61
3396.33,3393.41,23294.63,2218426.12
3396.65,3393.74,23404.08,2226094.37
3396.98,3394.07,23518.53,2233789.95
3397.31,3394.4,23627.8,2241521.99
3397.64,3394.72,23736.87,2249289.88
3397.97,3395.05,23846.04,2257093.58
3398.29,3395.38,23950.29,2264942.07
3398.62,3395.71,24050.36,2272814.25
3398.95,3396.04,24151.18,2280719.7
3399.28,3396.37,24243.51,2288657.06
3399.61,3396.69,24323.95,2296622.53
3399.93,3397.02,24396.58,2304622.78
3400.26,3397.35,24464.23,2312636.15
3400.59,3397.68,24531.12,2320671.55
3400.92,3398.01,24598.32,2328728.95
3401.25,3398.33,24665.63,2336808.27
3401.57,3398.66,24735.71,2344920.02
3401.9,3398.99,24808.55,2353045.28
3402.23,3399.32,24881.84,2361194.77
3402.56,3399.65,24949.73,2369367.46
3402.89,3399.97,25014.62,2377561.71
3403.22,3400.3,25080.96,2385787.54
3403.54,3400.63,25145.39,2394024.8
3403.87,3400.96,25210.47,2402283.33
3404.2,3401.29,25273.63,2410562.93
3404.53,3401.61,25337.88,2418863.21
3404.86,3401.94,25403.65,2427195.11
3405.18,3402.27,25474.25,2435539.17
3405.51,3402.6,25542.43,2443906.21
3405.84,3402.93,25608.38,2452295.11
3406.17,3403.26,25675.41,2460705.73
3406.5,3403.58,25739.17,2469148.13
3406.82,3403.91,25801.26,2477600.92
3407.15,3404.24,25860.7,2486073.66
3407.48,3404.57,25920.41,2494565.81
3407.81,3404.9,25977.84,2503077.28
3408.14,3405.22,26034.81,2511617.89
3408.46,3405.55,26092.77,2520166.97
3408.79,3405.88,26151.24,2528735.16
3409.12,3406.21,26209,2537322.38
3409.45,3406.54,26267.59,2545928.59
3409.78,3406.86,26326.49,2554564.81
3410.11,3407.19,26383.72,2563209.43
3410.43,3407.52,26439.98,2571872.68
3410.76,3407.85,26500.09,2580554.85
3411.09,3408.18,26558.3,2589256.63
3411.42,3408.5,26615.19,2597987.92
3411.75,3408.83,26671.6,2606727.12
3412.07,3409.16,26727.14,2615484.58
3412.4,3409.49,26784.51,2624260.73
3412.73,3409.82,26839.52,2633055.21
3413.06,3410.14,26895.85,2641878.63
3413.39,3410.47,26950.58,2650709.62
3413.71,3410.8,27005.69,2659558.61
3414.04,3411.13,27059.34,2668425.52
3414.37,3411.46,27112.44,2677309.82
3414.7,3411.79,27167.69,2686222.7
3415.03,3412.11,27221.62,2695142.73
3415.35,3412.44,27275.32,2704080.39
3415.68,3412.77,27329.49,2713035.61
3416.01,3413.1,27384.6,2722008.83
3416.34,3413.43,27437.99,2731010.93
3416.67,3413.75,27490.48,2740019.32
3416.99,3414.08,27542.32,2749044.8
3417.32,3414.41,27594.17,2758087.3
3417.65,3414.74,27645.87,2767146.79
3417.98,3415.07,27697.88,2776234.37
3418.31,3415.39,27749.41,2785327.88
3418.64,3415.72,27801.59,2794438.39
3418.96,3416.05,27853.15,2803565.94
3419.29,3416.38,27904.24,2812710.3
3419.62,3416.71,27955.14,2821882.56
3419.95,3417.03,28006.27,2831060.39
3420.28,3417.36,28057.41,2840254.99
3420.6,3417.69,28109.55,2849466.45
3420.93,3418.02,28161.13,2858695.02
3421.26,3418.35,28212.24,2867951.7
3421.59,3418.68,28263.54,2877213.88
3421.92,3419,28314.97,2886492.89
3422.24,3419.33,28366.33,2895788.75
3422.57,3419.66,28417.73,2905101.48
3422.9,3419.99,28470.14,2914442.62
3423.23,3420.32,28522.82,2923789.6
3423.56,3420.64,28574.62,2933153.76
3423.88,3420.97,28625.93,2942534.82
3424.21,3421.3,28677.31,2951932.7
3424.54,3421.63,28729.03,2961359
3424.87,3421.96,28780.91,2970790.76
3425.2,3422.28,28832.59,2980239.55
3425.53,3422.61,28884.77,2989705.31
3425.85,3422.94,28937.44,2999188.3
3426.18,3423.27,28989.25,3008700.04
3426.51,3423.6,29041.09,3018217.17
3426.84,3423.92,29092.91,3027751.3
3427.17,3424.25,29144.91,3037302.4
3427.49,3424.58,29204.45,3046871.46
3427.82,3424.91,29277.28,3056473.96
3428.15,3425.24,29364.55,3066091.03
3428.48,3425.56,29455.81,3075737.82
3428.81,3425.89,29541.46,3085413.64
3429.13,3426.22,29629.37,3095117.7
3429.46,3426.55,29717.52,3104862.87
3429.79,3426.88,29802.75,3114624.34
3430.12,3427.21,29885.82,3124413.42
3430.45,3427.53,29969.75,3134229.66
3430.77,3427.86,30066.66,3144075.6
3431.1,3428.19,30147.43,3153963.22
3431.43,3428.52,30227.45,3163864.71
3431.76,3428.85,30311.41,3173793.2
3432.09,3429.17,30393.98,3183749.02
3432.41,3429.5,30477.65,3193732.07
3432.74,3429.83,30558.77,3203754.62
3433.07,3430.16,30633.15,3213790.4
3433.4,3430.49,30705.24,3223850.11
3433.73,3430.81,30777.96,3233933.46
3434.06,3431.14,30853.94,3244041.2
3434.38,3431.47,30931.47,3254186.7
3434.71,3431.8,31005.77,3264344.53
3435.04,3432.13,31082.21,3274527.05
3435.37,3432.45,31158.34,3284734.76
3435.7,3432.78,31232.14,3294967
3436.02,3433.11,31308.07,3305236.22
3436.35,3433.44,31384.86,3315517.95
3436.68,3433.77,31470.9,3325826.17
3437.01,3434.09,31560.67,3336163.37
3437.34,3434.42,31650.74,3346530.77
3437.66,3434.75,31730.39,3356938.26
3437.99,3435.08,31814.59,3367359.58
3438.32,3435.41,31897.77,3377808.51
3438.65,3435.74,31977.54,3388284.51
3438.98,3436.06,32051.62,3398785.54
3439.3,3436.39,32124.01,3409323.34
3439.63,3436.72,32196.67,3419872.14
3439.96,3437.05,32267.77,3430444.58
3440.29,3437.38,32337.59,3441039.98
3440.62,3437.7,32407.51,3451658.34
3440.94,3438.03,32477.57,3462312.68
3441.27,3438.36,32547.43,3472976.89
3441.6,3438.69,32616.77,3483664
3441.93,3439.02,32688.26,3494374.11
3442.26,3439.34,32759.19,3505107.61
3442.59,3439.67,32831.54,3515877.79
3442.91,3440,32902.75,3526658.4
3443.24,3440.33,32976.84,3537462.71
3443.57,3440.66,33055.56,3548292.01
3443.9,3440.98,33137.62,3559147.81
3444.23,3441.31,33217,3570043.53
3444.55,3441.64,33293.89,3580951.55
3444.88,3441.97,33368.76,3591884.49
3445.21,3442.3,33442.06,3602841.67
3445.54,3442.63,33515.06,3613822.8
3445.87,3442.95,33588.08,3624841.34
3446.19,3443.28,33659.82,3635870.21
3446.52,3443.61,33733.63,3646922.77
3446.85,3443.94,33810.27,3658000.07
3447.18,3444.27,33887.16,3669102.68
3447.51,3444.59,33963.6,3680243.93
3447.83,3444.92,34040.13,3691396.73
3448.16,3445.25,34117.28,3702574.68
3448.49,3445.58,34195.38,3713778.11
3448.82,3445.91,34276.6,3725007.53
3449.15,3446.23,34359.77,3736277.58
3449.48,3446.56,34451.7,3747562.67
3449.8,3446.89,34548.55,3758878.87
3450.13,3447.22,34638.27,3770225.92
3450.46,3447.55,34720.42,3781601.04
3450.79,3447.87,34798.98,3793016.36
3451.12,3448.2,34876.49,3804443.36
3451.44,3448.53,34954.38,3815895.8
3451.77,3448.86,35032.68,3827373.79
3452.1,3449.19,35108.48,3838877.2
3452.43,3449.51,35182.86,3850419.22
3452.76,3449.84,35256.62,3861971.53
3453.08,3450.17,35329.93,3873547.92
3453.41,3450.5,35406.26,3885148.69
3453.74,3450.83,35481.57,3896774.47
3454.07,3451.16,35558.91,3908439.41
3454.4,3451.48,35639.28,3920116.02
3454.72,3451.81,35722.53,3931819.48
3455.05,3452.14,35808.22,3943550.56
3455.38,3452.47,35896.84,3955310.35
3455.71,3452.8,35983.93,3967113.52
3456.04,3453.12,36068.61,3978930.33
3456.36,3453.45,36153.55,3990774.84
3456.69,3453.78,36240.45,4002647.74
3457.02,3454.11,36323.35,4014548.37
3457.35,3454.44,36406.93,4026490.87
3457.68,3454.76,36490.47,4038446.26
3458.01,3455.09,36571.53,4050428.6
3458.33,3455.42,36651.72,4062437.55
3458.66,3455.75,36730.72,4074472.41
3458.99,3456.08,36812.29,4086548.33
3459.32,3456.4,36897.05,4098636.75
3459.65,3456.73,36983.3,4110753.42
3459.97,3457.06,37067.54,4122898.05
3460.3,3457.39,37153.98,4135070.19
3460.63,3457.72,37249.64,4147287.68
3460.96,3458.05,37343.66,4159521.28
3461.29,3458.37,37429.3,4171784.21
3461.61,3458.7,37511.05,4184074.8
3461.94,3459.03,37592.82,4196392.08
3462.27,3459.36,37675.77,4208751.31
3462.6,3459.69,37765.87,4221123.81
3462.93,3460.01,37856.25,4233526
3463.25,3460.34,37942.86,4245957.49
3463.58,3460.67,38027.77,4258416.88
3463.91,3461,38113.15,4270919.57
3464.24,3461.33,38194.64,4283434.33
3464.57,3461.65,38274.83,4295975.52
3464.9,3461.98,38355.56,4308543.06
3465.22,3462.31,38440.88,4321137.62
3465.55,3462.64,38530.09,4333776.62
3465.88,3462.97,38616.08,4346428.89
3466.21,3463.29,38698.07,4359108.65
3466.54,3463.62,38779.91,4371815.21
3466.86,3463.95,38860.7,4384548.53
3467.19,3464.28,38941.51,4397323.77
3467.52,3464.61,39024.55,4410110.32
3467.85,3464.93,39110.36,4422924.61
3468.18,3465.26,39193.56,4435766.74
3468.5,3465.59,39275.27,4448635.8
3468.83,3465.92,39359.35,4461547.86
3469.16,3466.25,39442.65,4474471.57
3469.49,3466.58,39525.2,4487422.48
3469.82,3466.9,39607.28,4500400.4
3470.14,3467.23,39688.01,4513405.04
3470.47,3467.56,39768.35,4526451.97
3470.8,3467.89,39852.77,4539510
3471.13,3468.22,39937.58,4552595.8
3471.46,3468.54,40023.6,4565709.61
3471.78,3468.87,40106.85,4578851.23
3472.11,3469.2,40193.13,4592036.51
3472.44,3469.53,40274.34,4605233.53
3472.77,3469.86,40352.04,4618456.48
3473.1,3470.18,40429.36,4631704.8
3473.43,3470.51,40509.08,4644978.79
3473.75,3470.84,40592.06,4658295.8
3474.08,3471.17,40674.46,4671623.67
3474.41,3471.5,40759,4684978.94
3474.74,3471.82,40842.88,4698361.87
3475.07,3472.15,40927.17,4711772.32
3475.39,3472.48,41013.18,4725227.11
3475.72,3472.81,41102.02,4738694.28
3476.05,3473.14,41185.96,4752189.78
3476.38,3473.47,41274.76,4765712.93
3476.71,3473.79,41363.42,4779265.86
3477.03,3474.12,41454.71,4792864.7
3477.36,3474.45,41550.58,4806477.87
3477.69,3474.78,41643.24,4820121.75
3478.02,3475.11,41735.37,4833796.18
3478.35,3475.43,41822.16,4847499.95
3478.67,3475.76,41907.96,4861248.64
3479,3476.09,41996.9,4875009.15
3479.33,3476.42,42087.83,4888799.13
3479.66,3476.75,42175.1,4902618.49
3479.99,3477.07,42261.36,4916466.32
3480.32,3477.4,42346.99,4930359.31
3480.64,3477.73,42432.65,4944263.39
3480.97,3478.06,42518.35,4958195.6
3481.3,3478.39,42605.32,4972156.08
3481.63,3478.71,42691.22,4986144.9
3481.96,3479.04,42778.46,5000179.19
3482.28,3479.37,42866.41,5014225.09
3482.61,3479.7,42959.01,5028300.85
3482.94,3480.03,43048.09,5042406.32
3483.27,3480.35,43135.81,5056540.75
3483.6,3480.68,43224.41,5070721.35
3483.92,3481.01,43312.83,5084913.73
3484.25,3481.34,43401.44,5099135.08
3484.58,3481.67,43488.63,5113385.34
3484.91,3482,43576.61,5127664.23
3485.24,3482.32,43664.81,5141989.47
3485.56,3482.65,43752.84,5156326.23
3485.89,3482.98,43840.29,5170691.75
3486.22,3483.31,43927.8,5185085.94
3486.55,3483.64,44015.45,5199508.84
3486.88,3483.96,44101.8,5213977.96
3487.2,3484.29,44187.64,5228457.65
3487.53,3484.62,44273.06,5242965.45
3487.86,3484.95,44361.08,5257501.51
3488.19,3485.28,44449.08,5272066.65
3488.52,3485.6,44537.21,5286678.44
3488.85,3485.93,44626.31,5301301.49
3489.17,3486.26,44716.32,5315953.87
3489.5,3486.59,44807.6,5330635.98
3489.83,3486.92,44907.57,5345349.6
3490.16,3487.24,44998.69,5360112.5
3490.49,3487.57,45088.44,5374887.07
3490.81,3487.9,45180.45,5389691.3
3491.14,3488.23,45273.44,5404525.99
3491.47,3488.56,45368.26,5419391.27
3491.8,3488.89,45473.32,5434307.59
3492.13,3489.21,45587.26,5449241.17
3492.45,3489.54,45708.89,5464214.22
3492.78,3489.87,45822.28,5479225.43
3493.11,3490.2,45929.94,5494273.36
3493.44,3490.53,46031.18,5509373.82
3493.77,3490.85,46129.67,5524488.32
3494.09,3491.18,46227.29,5539635.16
3494.42,3491.51,46325.78,5554813.95
3494.75,3491.84,46430.03,5570026.01
3495.08,3492.17,46539.37,5585291.85
3495.41,3492.49,46647.1,5600574.78
3495.74,3492.82,46756.54,5615893.08
3496.06,3493.15,46873.42,5631248.5
3496.39,3493.48,46988.95,5646642.35
3496.72,3493.81,47098.7,5662091.97
3497.05,3494.13,47204.61,5677557.95
3497.38,3494.46,47313.87,5693059.21
3497.7,3494.79,47422.06,5708596.19
3498.03,3495.12,47526.19,5724168.05
3498.36,3495.45,47629.38,5739792.92
3498.69,3495.77,47730.95,5755432.23
3499.02,3496.1,47833.31,5771105.03
3499.34,3496.43,47936.23,5786811.46
3499.67,3496.76,48040.61,5802551.79
3500,3497.09,48144.17,5818345.63
3500.33,3497.42,48247.1,5834154.07
3500.66,3497.74,48350.9,5849996.38
3500.98,3498.07,48455.17,5865872.81
3501.31,3498.4,48556.57,5881782.95
3501.64,3498.73,48659.77,5897746.15
3501.97,3499.06,48762.13,5913723.58
3502.3,3499.38,48864.77,5929734.61
3502.62,3499.71,48967.93,5945779.45
3502.95,3500.04,49070.89,5961858.04
3503.28,3500.37,49174.04,5977990.2
3503.61,3500.7,49284.49,5994138
3503.94,3501.02,49388.75,6010320.62
3504.27,3501.35,49492.73,6026537.53
3504.59,3501.68,49595.66,6042788.26
3504.92,3502.01,49698,6059092.45
3505.25,3502.34,49802.66,6075410.93
3505.58,3502.66,49905.46,6091763.25
3505.91,3502.99,50010.78,6108149.71
3506.23,3503.32,50116.51,6124570.87
3506.56,3503.65,50222.99,6141046.91
3506.89,3503.98,50330.13,6157537.79
3507.22,3504.3,50442.03,6174064.4
3507.55,3504.63,50551.92,6190627.7
3507.87,3504.96,50664.44,6207227.33
3508.2,3505.29,50776.89,6223884.25
3508.53,3505.62,50894.5,6240558.5
3508.86,3505.95,51018.4,6257272.35
3509.19,3506.27,51140.63,6274026.82
3509.51,3506.6,51261.48,6290820.93
3509.84,3506.93,51383.81,6307675.62
3510.17,3507.26,51504.38,6324549.58
3510.5,3507.59,51624.17,6341462.78
3510.83,3507.91,51746.02,6358415.55
3511.15,3508.24,51867.86,6375408.69
3511.48,3508.57,51989.05,6392462.18
3511.81,3508.9,52107.75,6409534.55
3512.14,3509.23,52223.23,6426645.14
3512.47,3509.55,52337.26,6443793.3
3512.8,3509.88,52451.32,6460978.81
3513.12,3510.21,52566,6478222.83
3513.45,3510.54,52679.95,6495483.48
3513.78,3510.87,52794.46,6512781.51
3514.11,3511.19,52909.88,6530117.16
3514.44,3511.52,53026.1,6547490.97
3514.76,3511.85,53142.8,6564924.16
3515.09,3512.18,53261.16,6582374.72
3515.42,3512.51,53378.9,6599863.89
3515.75,3512.84,53498.96,6617392.14
3516.08,3513.16,53619.62,6634959.74
3516.4,3513.49,53742.91,6652589.1
3516.73,3513.82,53863.1,6670236.91
3517.06,3514.15,53987.74,6687924.49
3517.39,3514.48,54108.89,6705652.62
3517.72,3514.8,54225.87,6723419.89
3518.04,3515.13,54341.41,6741247.01
3518.37,3515.46,54456.93,6759090.25
3518.7,3515.79,54569.39,6776970.88
3519.03,3516.12,54681.95,6794888.36
3519.36,3516.44,54795.53,6812842.99
3519.69,3516.77,54909.54,6830856.91
3520.01,3517.1,55022.24,6848885.93
3520.34,3517.43,55137.55,6866952.43
3520.67,3517.76,55252.34,6885056.64
3521,3518.08,55370.27,6903198.89
3521.33,3518.41,55489.49,6921402.48
3521.65,3518.74,55609.77,6939622.62
3521.98,3519.07,55726.55,6957882.11
3522.31,3519.4,55841.2,6976179.55
3522.64,3519.72,55956.28,6994514.63
3522.97,3520.05,56072.23,7012910.03
3523.29,3520.38,56187.89,7031320.96
3523.62,3520.71,56303.14,7049769.82
3523.95,3521.04,56418.32,7068256.44
3524.28,3521.37,56533.65,7086780.88
3524.61,3521.69,56649.2,7105365.7
3524.93,3522.02,56765.99,7123966.08
3525.26,3522.35,56880.93,7142604.5
3525.59,3522.68,56995.39,7161280.52
3525.92,3523.01,57109.58,7179994.01
3526.25,3523.33,57224.89,7198768.09
3526.57,3523.66,57341.04,7217557.15
3526.9,3523.99,57455.77,7236384.07
3527.23,3524.32,57572.33,7255248.94
3527.56,3524.65,57690.08,7274152.3
3527.89,3524.97,57807.11,7293117.28
3528.22,3525.3,57924.5,7312097.64
3528.54,3525.63,58040.75,7331116.21
3528.87,3525.96,58155.87,7350172.81
3529.2,3526.29,58269.58,7369266.84
3529.53,3526.61,58386.31,7388422.05
3529.86,3526.94,58503.06,7407592.1
3530.18,3527.27,58623.4,7426801.18
3530.51,3527.6,58742.32,7446049.5
3530.84,3527.93,58859.6,7465336.58
3531.17,3528.26,58978.66,7484685.94
3531.5,3528.58,59098.35,7504050.81
3531.82,3528.91,59219.12,7523455.13
3532.15,3529.24,59341.68,7542899.35
3532.48,3529.57,59464.45,7562383.84
3532.81,3529.9,59588.97,7581932.68
3533.14,3530.22,59716.11,7601499
3533.46,3530.55,59842.96,7621106.93
3533.79,3530.88,59969.01,7640756.49
3534.12,3531.21,60092.9,7660446.99
3534.45,3531.54,60216.5,7680202.13
3534.78,3531.86,60340.12,7699973.71
3535.11,3532.19,60462.29,7719785.65
3535.43,3532.52,60583.17,7739637.49
3535.76,3532.85,60703.5,7759528.84
3536.09,3533.18,60822.51,7779483.72
3536.42,3533.5,60943.31,7799453.56
3536.75,3533.83,61063.46,7819463.06
3537.07,3534.16,61183.81,7839511.92
3537.4,3534.49,61306.07,7859600.53
3537.73,3534.82,61427.21,7879753.64
3538.06,3535.14,61547.96,7899921.91
3538.39,3535.47,61668.36,7920129.73
3538.71,3535.8,61788.56,7940376.93
3539.04,3536.13,61908.43,7960663.56
3539.37,3536.46,62028.99,7981014.47
3539.7,3536.79,62147.94,8001379.82
3540.03,3537.11,62267.3,8021784.23
3540.35,3537.44,62385.96,8042227.67
3540.68,3537.77,62506.29,8062710.33
3541.01,3538.1,62627.12,8083257.57
3541.34,3538.43,62748.29,8103819.51
3541.67,3538.75,62868.74,8124421
3541.99,3539.08,62990.94,8145062.23
3542.32,3539.41,63115.46,8165743.91
3542.65,3539.74,63240.48,8186491.95
3542.98,3540.07,63364.98,8207255.58
3543.31,3540.39,63490.31,8228060.19
3543.64,3540.72,63615.3,8248905.8
3543.96,3541.05,63740.65,8269792.5
3544.29,3541.38,63865.88,8290745.85
3544.62,3541.71,63992.22,8311714.88
3544.95,3542.03,64119.39,8332725.48
3545.28,3542.36,64246.87,8353777.91
3545.6,3542.69,64373.7,8374871.99
3545.93,3543.02,64500.77,8396033.58
3546.26,3543.35,64626.49,8417210.84
3546.59,3543.68,64753.76,8438429.52
3546.92,3544,64880.19,8459689.84
3547.24,3544.33,65006.57,8480991.61
3547.57,3544.66,65133.34,8502360.98
3547.9,3544.99,65258.56,8523745.63
3548.23,3545.32,65382.76,8545171.11
3548.56,3545.64,65514.57,8566639.53
3548.88,3545.97,65640.31,8588149.29
3549.21,3546.3,65768.32,8609726.96
3549.54,3546.63,65894.08,8631319.97
3549.87,3546.96,66019.37,8652954.06
3550.2,3547.28,66144.71,8674629.34
3550.53,3547.61,66270.51,8696345.75
3550.85,3547.94,66400.38,8718130.57
3551.18,3548.27,66527.81,8739931.13
3551.51,3548.6,66662.33,8761775.13
3551.84,3548.92,66789.8,8783661.62
3552.17,3549.25,66917.53,8805589.91
3552.49,3549.58,67047.26,8827587.3
3552.82,3549.91,67176.37,8849600.33
3553.15,3550.24,67308.23,8871655.97
3553.48,3550.56,67441.53,8893755.34
3553.81,3550.89,67575.38,8915898.34
3554.13,3551.22,67711.18,8938112.69
3554.46,3551.55,67846.63,8960344.58
3554.79,3551.88,67979.1,8982620.39
3555.12,3552.21,68109.35,9004939.32
3555.45,3552.53,68239.55,9027300.84
3555.77,3552.86,68371,9049732.66
3556.1,3553.19,68503.39,9072180.33
3556.43,3553.52,68636.62,9094671.64
3556.76,3553.85,68771.01,9117206.74
3557.09,3554.17,68906.66,9139786.27
3557.41,3554.5,69042.99,9162437.91
3557.74,3554.83,69179.2,9185106.76
3558.07,3555.16,69312.94,9207819.91
3558.4,3555.49,69444.2,9230576.46
3558.73,3555.81,69577.93,9253376.37
3559.06,3556.14,69713.16,9276248.32
3559.38,3556.47,69848.13,9299136.77
3559.71,3556.8,69981.77,9322069.26
3560.04,3557.13,70115.37,9345045.56
3560.37,3557.45,70248.87,9368065.63
3560.7,3557.78,70381.69,9391157.57
3561.02,3558.11,70514.84,9414264.94
3561.35,3558.44,70648.47,9437416.08
3561.68,3558.77,70782.39,9460611.11
3562.01,3559.09,70916.82,9483850.07
3562.34,3559.42,71052.48,9507161.81
3562.66,3559.75,71190.52,9530489.94
3562.99,3560.08,71330.1,9553863.71
3563.32,3560.41,71467.34,9577282.88
3563.65,3560.74,71605.16,9600747.11
3563.98,3561.06,71778.91,9624289.99
3564.3,3561.39,71917.18,9647856.63
3564.63,3561.72,72056.72,9671468.62
3564.96,3562.05,72193.1,9695125.98
3565.29,3562.38,72330.72,9718828.2
3565.62,3562.7,72588.99,9742643.3
3565.94,3563.03,72727.54,9766475.59
3566.27,3563.36,72866.94,9790353.5
3566.6,3563.69,73005.48,9814276.86
3566.93,3564.02,73149.27,9838246.55
3567.26,3564.34,73294.67,9862292.94
3567.59,3564.67,73440.25,9886358
3567.91,3565,73580.59,9910469.87
3568.24,3565.33,73719.06,9934627.41
3568.57,3565.66,73857.96,9958830.39
3568.9,3565.98,73997.57,9983108.7
3569.23,3566.31,74136.14,10007402.98
3569.55,3566.64,74283.95,10031743.36
3569.88,3566.97,74424.2,10056131.84
3570.21,3567.3,74566.71,10080566.63
3570.54,3567.63,74713.96,10105079.04
3570.87,3567.95,74858.44,10129609.28
3571.19,3568.28,75003.8,10154187.16
3571.52,3568.61,75148.26,10178812.47
3571.85,3568.94,75294.68,10203485.49
3572.18,3569.27,75444.29,10228237.16
3572.51,3569.59,75594.39,10253007.85
3572.83,3569.92,75748.27,10277828.34
3573.16,3570.25,75903.01,10302699.61
3573.49,3570.58,76058.98,10327622.23
3573.82,3570.91,76209.95,10352625.18
3574.15,3571.23,76361.13,10377647.23
3574.48,3571.56,76513.35,10402719.05
3574.8,3571.89,76665.06,10427840.68
3575.13,3572.22,76817.62,10453012.24
3575.46,3572.55,76969.52,10478264.48
3575.79,3572.87,77119.38,10503535.46
3576.12,3573.2,77268.05,10528855.43
3576.44,3573.53,77417.39,10554224.46
3576.77,3573.86,77563.99,10579641.77
3577.1,3574.19,77710.37,10605138.26
3577.43,3574.51,77859.85,10630652.37
3577.76,3574.84,78005.86,10656214.83
3578.08,3575.17,78149.46,10681824.79
3578.41,3575.5,78292.98,10707481.78
3578.74,3575.83,78438.75,10733217.72
3579.07,3576.16,78583.07,10758969.7
3579.4,3576.48,78728.72,10784769.19
3579.72,3576.81,78877.05,10810616.95
3580.05,3577.14,79025,10836513.29
3580.38,3577.47,79179.74,10862489.79
3580.71,3577.8,79331.41,10888486.2
3581.04,3578.12,79479.63,10914531.7
3581.36,3578.45,79627.63,10940625.65
3581.69,3578.78,79776.96,10966768.39
3582.02,3579.11,79938.43,10992992.87
3582.35,3579.44,80090.38,11019238
3582.68,3579.76,80247.13,11045534.05
3583.01,3580.09,80403.88,11071881.2
3583.33,3580.42,80561.45,11098279.79
3583.66,3580.75,80718.25,11124762.4
3583.99,3581.08,80873.36,11151263.91
3584.32,3581.4,81025.29,11177815.79
3584.65,3581.73,81174.15,11204416.95
3584.97,3582.06,81322.16,11231066.76
3585.3,3582.39,81470.33,11257797.79
3585.63,3582.72,81617.13,11284544.53
3585.96,3583.05,81765.34,11311339.66
3586.29,3583.37,81913.22,11338183.29
3586.61,3583.7,82061.04,11365075.5
3586.94,3584.03,82209.85,11392049.17
3587.27,3584.36,82358.36,11419038.79
3587.6,3584.69,82507.12,11446077.12
3587.93,3585.01,82656.45,11473164.5
3588.25,3585.34,82804.14,11500300.49
3588.58,3585.67,82951.72,11527518.03
3588.91,3586,83099.49,11554750.85
3589.24,3586.33,83247.82,11582032.19
3589.57,3586.65,83397.93,11609362.84
3589.9,3586.98,83545.82,11636742.06
3590.22,3587.31,83696.32,11664203.66
3590.55,3587.64,83846.65,11691681.07
3590.88,3587.97,83996.69,11719207.77
3591.21,3588.29,84149.13,11746783.95
3591.54,3588.62,84305.8,11774411.13
3591.86,3588.95,84460.9,11802123.02
3592.19,3589.28,84617.91,11829852.29
3592.52,3589.61,84779.81,11857633.99
3592.85,3589.93,84944.69,11885469.15
3593.18,3590.26,85111.69,11913358.87
3593.5,3590.59,85785.95,11941469.43
3593.83,3590.92,85958.49,11969636.08
3594.16,3591.25,86143.44,11997862.57
3594.49,3591.58,86310.7,12026145.58
3594.82,3591.9,86477.06,12054483.24
3595.14,3592.23,86646.14,12082910.21
3595.47,3592.56,86813.94,12111357.7
3595.8,3592.89,86980.14,12139860.4
3596.13,3593.22,87144.35,12168417.3
3596.46,3593.54,87315.09,12197028.86
3596.78,3593.87,87479.41,12225730.71
3597.11,3594.2,87640.7,12254450.95
3597.44,3594.53,87801.52,12283223.93
3597.77,3594.86,87961.54,12312049.53
3598.1,3595.18,88120.04,12340927.39
3598.43,3595.51,88277.88,12369892.43
3598.75,3595.84,88435.02,12398873.76
3599.08,3596.17,88593.21,12427906.84
3599.41,3596.5,88752.73,12456991.99
3599.74,3596.82,88913.03,12486129.63
3600.07,3597.15,89074.68,12515355.62
3600.39,3597.48,89237.07,12544599.05
3600.72,3597.81,89433.32,12573904.33
3601.05,3598.14,89598.99,12603266.06
3601.38,3598.47,89766.36,12632682.38
3601.71,3598.79,89935.6,12662189.83
3602.03,3599.12,90104.78,12691716.86
3602.36,3599.45,90277.01,12721299.79
3602.69,3599.78,90461.15,12750940.83
3603.02,3600.11,90649.92,12780643.41
3603.35,3600.43,90844.3,12810445.37
3603.67,3600.76,91035.67,12840274.63
3604,3601.09,91219.33,12870165.14
3604.33,3601.42,91392.74,12900114.31
3604.66,3601.75,91558.18,12930118.89
3604.99,3602.07,91722,12960214.11
3605.32,3602.4,91883.11,12990326.37
3605.64,3602.73,92035.54,13020489.66
3605.97,3603.06,92190.26,13050703.93
3606.3,3603.39,92344.61,13080968.8
3606.63,3603.71,92554.86,13111340.67
3606.96,3604.04,92707.86,13141725.74
3607.28,3604.37,92906.22,13172174.95
3607.61,3604.7,93058.91,13202675.53
3607.94,3605.03,93202.44,13233223.93
3608.27,3605.35,93344.32,13263856.68
3608.6,3605.68,93556.8,13294509.16
3608.92,3606.01,93733.53,13325224.16
3609.25,3606.34,93897.42,13355995.2
3609.58,3606.67,94133.58,13386831.36
3609.91,3607,94323.58,13417777.49
3610.24,3607.32,94617.07,13448776.93
3610.56,3607.65,94824.2,13479846.38
3610.89,3607.98,95037.06,13510987.3
3611.22,3608.31,95207.98,13542189.76
3611.55,3608.64,95385.78,13573488.28
3611.88,3608.96,95525.04,13604798.63
3612.2,3609.29,95695.75,13636159.32
3612.53,3609.62,95852.44,13667572.82
3612.86,3609.95,96060.24,13699047.91
3613.19,3610.28,96280.33,13730638.86
3613.52,3610.6,96483.2,13762256.8
3613.85,3610.93,96634.67,13793929.23
3614.17,3611.26,96784.12,13825651.29
3614.5,3611.59,96954.29,13857425.89
3614.83,3611.92,97204.25,13889309.91
3615.16,3612.24,97469.18,13921235.22
3615.49,3612.57,97713.69,13953247.45
3615.81,3612.9,97960,13985339.73
3616.14,3613.23,98238.1,14017522.82
3616.47,3613.56,98482.51,14049827.12
3616.8,3613.89,98740.6,14082172.95
3617.13,3614.21,98982.75,14114600.45
3617.45,3614.54,99267.6,14147121.6
3617.78,3614.87,99521.05,14179725.59
3618.11,3615.2,99769.64,14212450.5
3618.44,3615.53,100038.68,14245216.02
3618.77,3615.85,100303.69,14278071.36
3619.09,3616.18,100543.53,14311011.28
3619.42,3616.51,100846.65,14344045
3619.75,3616.84,101121.45,14377213.34
3620.08,3617.17,101390.67,14410429.55
3620.41,3617.49,101675.11,14443732.18
3620.74,3617.82,101935.81,14477125.59
3621.06,3618.15,102220.5,14510610.95
3621.39,3618.48,102476.5,14544223.72
3621.72,3618.81,102732.67,14577878.68
3622.05,3619.13,103031.17,14611630.83
3622.38,3619.46,103281.07,14645466.84
3622.7,3619.79,103518.35,14679382.86
3623.03,3620.12,103752.62,14713417.6
3623.36,3620.45,104013.07,14747495.57
3623.69,3620.77,104253.87,14781652.77
3624.02,3621.1,104477.81,14815885.61
3624.34,3621.43,104702.01,14850191.76
3624.67,3621.76,104922.63,14884612.99
3625,3622.09,105139.92,14919063.85
3625.33,3622.42,105365.54,14953588.28
3625.66,3622.74,105585.11,14988184.88
3625.98,3623.07,105807.32,15022853.87
3626.31,3623.4,106028.58,15057638.08
3626.64,3623.73,106242.1,15092451.1
3626.97,3624.06,106455.09,15127333.94
3627.3,3624.38,106670.23,15162287.09
3627.62,3624.71,106916.7,15197316.37
3627.95,3625.04,107139.54,15232464.43
3628.28,3625.37,107373.58,15267645.24
3628.61,3625.7,107599.2,15302901.46
3628.94,3626.02,107820.21,15338230.94
3629.27,3626.35,108038.42,15373632.4
3629.59,3626.68,108256.34,15409148.49
3629.92,3627.01,108481.76,15444694.46
3630.25,3627.34,108710.89,15480314.47
3630.58,3627.66,108938.67,15516009.7
3630.91,3627.99,109162.49,15551779.05
3631.23,3628.32,109384.81,15587665.04
3631.56,3628.65,109608.35,15623580.59
3631.89,3628.98,109829.81,15659569.09
3632.22,3629.3,110049.34,15695629.85
3632.55,3629.63,110267.12,15731762.37
3632.87,3629.96,110484.74,15768010.46
3633.2,3630.29,110701.18,15804285.66
3633.53,3630.62,110919.7,15840632.03
3633.86,3630.95,111144.44,15877051.01
3634.19,3631.27,111370.21,15913544.18
3634.51,3631.6,111596.85,15950156.1
3634.84,3631.93,111826.98,15986798.16
3635.17,3632.26,112057.99,16023515.83
3635.5,3632.59,112294.93,16060309.98
3635.83,3632.91,112538.63,16097183.07
3636.15,3633.24,112791.32,16134182.63
3636.48,3633.57,113052.69,16171221.56
3636.81,3633.9,113317.21,16208346.78
3637.14,3634.23,113580.38,16245558.58
3637.47,3634.55,113842.47,16282856.7
3637.8,3634.88,114092.9,16320284.75
3638.12,3635.21,114329.61,16357746.95
3638.45,3635.54,114557.74,16395285.27
3638.78,3635.87,114781.39,16432897.55
3639.11,3636.19,115001.09,16470582.62
3639.44,3636.52,115214.66,16508384.88
3639.76,3636.85,115426.45,16546210.42
3640.09,3637.18,115638.55,16584105.63
3640.42,3637.51,115852.11,16622070.63
3640.75,3637.84,116065.22,16660105.75
3641.08,3638.16,116276.32,16698256.92
3641.4,3638.49,116484.96,16736430.46
3641.73,3638.82,116692.47,16774672.32
3642.06,3639.15,116901.57,16812982.38
3642.39,3639.48,117112.29,16851361.36
3642.72,3639.8,117322.5,16889856.2
3643.04,3640.13,117532.69,16928373.08
3643.37,3640.46,117748.66,16966959.73
3643.7,3640.79,117959.03,17005616.36
3644.03,3641.12,118169.52,17044342.09
3644.36,3641.44,118378.21,17083183.94
3644.69,3641.77,118583.66,17122046.41
3645.01,3642.1,118786.35,17160975.75
3645.34,3642.43,118988.95,17199971.53
3645.67,3642.76,119190.45,17239033.54
3646,3643.08,119394.59,17278209.81
3646.33,3643.41,119600.33,17317405.51
3646.65,3643.74,119809.36,17356669.2
3646.98,3644.07,120020.84,17396001.92
3647.31,3644.4,120235.77,17435404.38
3647.64,3644.72,120448.36,17474925.42
3647.97,3645.05,120660.65,17514467.9
3648.29,3645.38,120873.42,17554080.08
3648.62,3645.71,121085.77,17593762.06
3648.95,3646.04,121298.27,17633513.66
3649.28,3646.37,121510.34,17673383.58
3649.61,3646.69,121722.46,17713274.35
3649.93,3647.02,121935.51,17753234.85
3650.26,3647.35,122149.62,17793265.38
3650.59,3647.68,122362.68,17833366.1
3650.92,3648.01,122574.91,17873585.59
3651.25,3648.33,122786.68,17913825.48
3651.57,3648.66,122998.6,17954134.86
3651.9,3648.99,123212.84,17994514.19
3652.23,3649.32,123426.29,18034963.68
3652.56,3649.65,123636.06,18075532.13
3652.89,3649.97,123840.89,18116119.1
3653.22,3650.3,124043.92,18156772.85
3653.54,3650.63,124246.44,18197493.13
3653.87,3650.96,124449.98,18238279.91
3654.2,3651.29,124657.07,18279183.89
3654.53,3651.61,124867.3,18320106.43
3654.86,3651.94,125079.45,18361098.35
3655.18,3652.27,125290.05,18402159.67
3655.51,3652.6,125498.41,18443289.62
3655.84,3652.93,125706.81,18484538.18
3656.17,3653.26,125915.39,18525804.86
3656.5,3653.58,126124.13,18567139.99
3656.82,3653.91,126330.95,18608543.35
3657.15,3654.24,126538.09,18650014.51
3657.48,3654.57,126744.59,18691604.28
3657.81,3654.9,126949.62,18733210.81
3658.14,3655.22,127154.7,18774884.53
3658.46,3655.55,127360.04,18816625.61
3658.79,3655.88,127564.8,18858434
3659.12,3656.21,127768.29,18900360.44
3659.45,3656.54,127972.19,18942302.5
3659.78,3656.86,128178.76,18984311.83
3660.11,3657.19,128387.89,19026389.34
3660.43,3657.52,128598.86,19068535.81
3660.76,3657.85,128809.64,19110803.04
3661.09,3658.18,129019.22,19153087.64
3661.42,3658.5,129230.7,19195441.23
3661.75,3658.83,129443.69,19237864.5
3662.07,3659.16,129657.43,19280357.78
3662.4,3659.49,129872.41,19322973.27
3662.73,3659.82,130087.59,19365607.39
3663.06,3660.14,130298.76,19408311.58
3663.39,3660.47,130504.47,19451084.04
3663.71,3660.8,130712.91,19493924.16
3664.04,3661.13,130928.09,19536886.25
3664.37,3661.46,131147.32,19579867.22
3664.7,3661.79,131369.93,19622920.64
3665.03,3662.11,131592.52,19666047.23
3665.35,3662.44,131812.5,19709246.38
3665.68,3662.77,132032.05,19752570.43
3666.01,3663.1,132260.32,19795915.39
3666.34,3663.43,132476.3,19839332.94
3666.67,3663.75,132691.56,19882821.13
3666.99,3664.08,132908.08,19926380.09
3667.32,3664.41,133127.11,19970063.74
3667.65,3664.74,133347.31,20013766.16
3667.98,3665.07,133567.05,20057540.92
3668.31,3665.39,133783.03,20101387.11
3668.64,3665.72,133997.32,20145303.76
3668.96,3666.05,134212.81,20189344.58
3669.29,3666.38,134428.77,20233402.51
3669.62,3666.71,134645.52,20277531.3
3669.95,3667.03,134865.26,20321731.7
3670.28,3667.36,135086.99,20366004.52
3670.6,3667.69,135309.93,20410404.51
3670.93,3668.02,135529.58,20454823.04
3671.26,3668.35,135745.27,20499312.88
3671.59,3668.68,135958.96,20543873.08
3671.92,3669,136174.27,20588503.61
3672.24,3669.33,136392.62,20633259.82
3672.57,3669.66,136613.74,20678033.5
3672.9,3669.99,136837.6,20722880.14
3673.23,3670.32,137064,20767800.62
3673.56,3670.64,137295.1,20812796.07
3673.88,3670.97,137531,20857923.27
3674.21,3671.3,137767.21,20903072.84
3674.54,3671.63,138010.03,20948300.88
3674.87,3671.96,138245.85,20993607.71
3675.2,3672.28,138478.26,21038991.21
3675.53,3672.61,138705.04,21084505.72
3675.85,3672.94,138923.53,21130037.72
3676.18,3673.27,139141,21175641.02
3676.51,3673.6,139364.22,21221316.35
3676.84,3673.92,139596.96,21267066.4
3677.17,3674.25,139838.08,21312950.21
3677.49,3674.58,140086.62,21358858.55
3677.82,3674.91,140337.49,21404848.82
3678.15,3675.24,140587.97,21450921.37
3678.48,3675.56,140839.6,21497076.19
3678.81,3675.89,141093.19,21543370.36
3679.13,3676.22,141350.59,21589692.13
3679.46,3676.55,141606.74,21636097.86
3679.79,3676.88,141858.37,21682587.13
3680.12,3677.21,142100.28,21729157.39
3680.45,3677.53,142335.15,21775862.59
3680.77,3677.86,142566.1,21822587.22
3681.1,3678.19,142796.47,21869387.37
3681.43,3678.52,143028.54,21916263.33
3681.76,3678.85,143265.55,21963216.17
3682.09,3679.17,143509.23,22010305.2
3682.41,3679.5,143759.3,22057417.83
3682.74,3679.83,144015.48,22104613.5
3683.07,3680.16,144276.25,22151894.08
3683.4,3680.49,144535.55,22199260.07
3683.73,3680.81,144792.07,22246768.49
3684.06,3681.14,145046.28,22294302.79
3684.38,3681.47,145300.38,22341920.42
3684.71,3681.8,145555.01,22389621.34
3685.04,3682.13,145812.24,22437406.37
3685.37,3682.45,146066.85,22485333.88
3685.7,3682.78,146311.73,22533285
3686.02,3683.11,146552.14,22581315.43
3686.35,3683.44,146794.97,22629425.11
3686.68,3683.77,147041.2,22677614.95
3687.01,3684.09,147290.63,22725944.95
3687.34,3684.42,147547.84,22774299.02
3687.66,3684.75,147811.51,22822738.48
3687.99,3685.08,148078.88,22871265.12
3688.32,3685.41,148350.28,22919880.18
3688.65,3685.74,148625.89,22968644.77
3688.98,3686.06,148899.08,23017439.72
3689.3,3686.39,149165.59,23066323.4
3689.63,3686.72,149423.83,23115293.19
3689.96,3687.05,149674.76,23164346.19
3690.29,3687.38,149925.14,23213541.29
3690.62,3687.7,150175.79,23262758.67
3690.95,3688.03,150425.83,23312058
3691.27,3688.36,150678.29,23361439.82
3691.6,3688.69,150931.43,23410904.51
3691.93,3689.02,151189.04,23460513.46
3692.26,3689.34,151450.24,23510146.99
3692.59,3689.67,151709.59,23559866.15
3692.91,3690,151965.1,23609669.43
3693.24,3690.33,152217.21,23659556.18
3693.57,3690.66,152465.84,23709586.11
3693.9,3690.98,152715.49,23759636.41
3694.23,3691.31,152971.24,23809769.42
3694.55,3691.64,153228.47,23859986.88
3694.88,3691.97,153488.34,23910289.05
3695.21,3692.3,153747.55,23960738.03
3695.54,3692.63,154002.02,24011209.94
3695.87,3692.95,154251.29,24061764.36
3696.19,3693.28,154494.79,24112399.63
3696.52,3693.61,154742.19,24163115.27
3696.85,3693.94,154988.66,24213974.41
3697.18,3694.27,155227.33,24264850.9
3697.51,3694.59,155464.97,24315805.56
3697.83,3694.92,155699.77,24366837.44
3698.16,3695.25,155934.49,24417946.31
3698.49,3695.58,156169.21,24469194.45
3698.82,3695.91,156401.41,24520456.93
3699.15,3696.23,156637.37,24571796.71
3699.48,3696.56,156862.68,24623211.54
3699.8,3696.89,157089.24,24674700.55
3700.13,3697.22,157325.38,24726327.62
3700.46,3697.55,157548.84,24777967.9
3700.79,3697.87,157771.06,24829681.41
3701.12,3698.2,157999.05,24881469.11
3701.44,3698.53,158225.64,24933330.72
3701.77,3698.86,158454.12,24985330.71
3702.1,3699.19,158689.59,25037342.4
3702.43,3699.51,158921.16,25089432.69
3702.76,3699.84,159142.99,25141596.06
3703.08,3700.17,159365.88,25193832.36
3703.41,3700.5,159585.33,25246205.12
3703.74,3700.83,159806.22,25298585.73
3704.07,3701.16,160048.63,25351043.02
3704.4,3701.48,160280.06,25403577.03
3704.72,3701.81,160503.66,25456186.56
3705.05,3702.14,160721.32,25508932.7
3705.38,3702.47,160941.07,25561685.99
3705.71,3702.8,161164.16,25614511.95
3706.04,3703.12,161393.54,25667411.8
3706.36,3703.45,161618.84,25720386.69
3706.69,3703.78,161849.6,25773501.39
3707.02,3704.11,162087.16,25826628.2
3707.35,3704.44,162326.08,25879832.06
3707.68,3704.76,162563.21,25933114.72
3708.01,3705.09,162798.09,25986474.9
3708.33,3705.42,163038.55,26039978.63
3708.66,3705.75,163275.13,26093494.83
3708.99,3706.08,163513.71,26147089.01
3709.32,3706.4,163753.11,26200761.64
3709.65,3706.73,163990.67,26254512.52
3709.97,3707.06,164233.32,26308407.22
3710.3,3707.39,164470.33,26362315.51
3710.63,3707.72,164705.18,26416301.21
3710.96,3708.05,164935.58,26470363.24
3711.29,3708.37,165163.63,26524500.41
3711.61,3708.7,165396.06,26578779.41
3711.94,3709.03,165621.74,26633067.18
3712.27,3709.36,165849.55,26687429.24
3712.6,3709.69,166079.87,26741866.45
3712.93,3710.01,166310.27,26796379.19
3713.25,3710.34,166541.63,26851034.39
3713.58,3710.67,166778.34,26905699.99
3713.91,3711,167010.74,26960442.19
3714.24,3711.33,167245.74,27015260.9
3714.57,3711.65,167484.01,27070157.47
3714.9,3711.98,167721.09,27125199.08
3715.22,3712.31,167961.92,27180251.66
3715.55,3712.64,168202.98,27235383.9
3715.88,3712.97,168441.54,27290594.54
3716.21,3713.29,168679.02,27345883.15
3716.54,3713.62,168916.53,27401317.28
3716.86,3713.95,169153.97,27456761.66
3717.19,3714.28,169390.94,27512283.91
